{"cameraMode":{"drawMode":0,"name":"Shaded","section":"Shading Mode"},"sceneLighting":false,"audioPlay":false,"sceneViewState":{"showFog":true,"showMaterialUpdate":true,"showSkybox":false,"showFlares":true,"showImageEffects":true,"showParticleSystems":true},"in2DMode":false,"pivot":{"x":2.9802322387695315e-8,"y":10.0,"z":-5.960464477539063e-8},"rotation":{"x":0.15030065178871156,"y":-0.018651675432920457,"z":0.00284476182423532,"w":0.9884716868400574},"size":1.4289511442184449,"orthographic":false}