{"cameraMode":{"drawMode":0,"name":"Shaded","section":"Shading Mode"},"sceneLighting":false,"audioPlay":false,"sceneViewState":{"showFog":true,"showMaterialUpdate":true,"showSkybox":false,"showFlares":true,"showImageEffects":true,"showParticleSystems":true},"in2DMode":false,"pivot":{"x":1.7400000095367432,"y":10.0,"z":2.140000104904175},"rotation":{"x":0.5093542337417603,"y":0.10020215064287186,"z":-0.059878431260585788,"w":0.8526148796081543},"size":2.857893466949463,"orthographic":false}