{"cameraMode":{"drawMode":0,"name":"Shaded","section":"Shading Mode"},"sceneLighting":false,"audioPlay":false,"sceneViewState":{"showFog":true,"showMaterialUpdate":true,"showSkybox":false,"showFlares":true,"showImageEffects":true,"showParticleSystems":true},"in2DMode":false,"pivot":{"x":4.190000057220459,"y":5.0,"z":-10.600000381469727},"rotation":{"x":0.20917397737503053,"y":0.2891770601272583,"z":-0.06493643671274185,"w":0.9318946003913879},"size":13.70005989074707,"orthographic":false}