{"cameraMode":{"drawMode":0,"name":"Shaded","section":"Shading Mode"},"sceneLighting":false,"audioPlay":false,"sceneViewState":{"showFog":true,"showMaterialUpdate":true,"showSkybox":true,"showFlares":true,"showImageEffects":true,"showParticleSystems":true},"in2DMode":false,"pivot":{"x":0.47459498047828677,"y":18.429351806640626,"z":-0.9328972101211548},"rotation":{"x":0.4756392538547516,"y":-0.2824631333351135,"z":0.16451424360275269,"w":0.8166497349739075},"size":30.068458557128908,"orthographic":false}