{"cameraMode":{"drawMode":0,"name":"Shaded","section":"Shading Mode"},"sceneLighting":false,"audioPlay":false,"sceneViewState":{"showFog":true,"showMaterialUpdate":true,"showSkybox":false,"showFlares":true,"showImageEffects":true,"showParticleSystems":true},"in2DMode":false,"pivot":{"x":3.3671350479125978,"y":10.0,"z":5.637993335723877},"rotation":{"x":0.5093542337417603,"y":0.10020215064287186,"z":-0.059878431260585788,"w":0.8526148796081543},"size":5.4923996925354,"orthographic":false}