{"cameraMode":{"drawMode":0,"name":"Shaded","section":"Shading Mode"},"sceneLighting":false,"audioPlay":false,"sceneViewState":{"showFog":true,"showMaterialUpdate":true,"showSkybox":false,"showFlares":true,"showImageEffects":true,"showParticleSystems":true},"in2DMode":false,"pivot":{"x":104.40164184570313,"y":67.84710693359375,"z":-177.59732055664063},"rotation":{"x":-0.10104339569807053,"y":0.1636894792318344,"z":-0.016811486333608629,"w":-0.9811999201774597},"size":397.9635009765625,"orthographic":false}