{"cameraMode":{"drawMode":0,"name":"Shaded","section":"Shading Mode"},"sceneLighting":false,"audioPlay":false,"sceneViewState":{"showFog":true,"showMaterialUpdate":true,"showSkybox":false,"showFlares":true,"showImageEffects":true,"showParticleSystems":true},"in2DMode":false,"pivot":{"x":2.9802322387695315e-8,"y":10.0,"z":-5.960464477539063e-8},"rotation":{"x":0.09291668981313706,"y":-0.8178189396858215,"z":0.13794924318790437,"w":0.5509392619132996},"size":1.4289511442184449,"orthographic":false}